 itr,            f,    df_abs[%],    df_rel[%],      norm_df,    step_size,               time_stamp
   1,  8.35502E+06,  0.00000E+00,  0.00000E+00,  2.60467E+06,  1.00000E-01, Sun Feb  2 23:16:08 2020
   2,  8.66276E+06,  3.68334E+00,  3.68334E+00,  2.63402E+06,  1.00000E-01, Sun Feb  2 23:16:08 2020
   3,  1.54920E+04, -9.98146E+01, -1.03498E+02,  1.75633E+04,  1.00000E-01, Sun Feb  2 23:16:09 2020
   4,  5.17953E+04, -9.93801E+01,  4.34508E-01,  4.21342E+04,  1.00000E-01, Sun Feb  2 23:16:09 2020
   5,  6.05302E+03, -9.99276E+01, -5.47483E-01,  1.08734E+03,  1.00000E-01, Sun Feb  2 23:16:09 2020
